"Status","Start Time","Stop Time","Duration in ms","Parent Suite","Suite","Sub Suite","Test Class","Test Method","Name","Description"
"passed","Mon Aug 19 10:30:48 CST 2019","Mon Aug 19 10:30:48 CST 2019","0","","baogao","","","","test_9",""
"passed","Mon Aug 19 10:30:48 CST 2019","Mon Aug 19 10:30:48 CST 2019","0","","baogao","","","","test_8",""
"passed","Mon Aug 19 10:30:48 CST 2019","Mon Aug 19 10:30:48 CST 2019","0","","baogao","","","","test_1",""
"passed","Mon Aug 19 10:30:48 CST 2019","Mon Aug 19 10:30:48 CST 2019","0","","baogao","","","","test_4","
    这是对函数参数、返回值的一个注释、讲解
    自我感觉老厉害了
    "
"passed","Mon Aug 19 10:30:48 CST 2019","Mon Aug 19 10:30:48 CST 2019","0","","baogao","","","","test_7",""
"failed","Mon Aug 19 10:30:48 CST 2019","Mon Aug 19 10:30:48 CST 2019","0","","baogao","","","","test_3",""
"passed","Mon Aug 19 10:30:48 CST 2019","Mon Aug 19 10:30:48 CST 2019","0","","baogao","","","","test_6",""
"passed","Mon Aug 19 10:30:48 CST 2019","Mon Aug 19 10:30:48 CST 2019","1","","baogao","","","","test_10",""
"passed","Mon Aug 19 10:30:48 CST 2019","Mon Aug 19 10:30:48 CST 2019","1","","baogao","","","","test_2",""
"passed","Mon Aug 19 10:30:48 CST 2019","Mon Aug 19 10:30:48 CST 2019","1","","baogao","","","","test_case",""
"passed","Mon Aug 19 10:30:48 CST 2019","Mon Aug 19 10:30:48 CST 2019","0","","baogao","","","","test_5",""
